SEASON,ALL_SPECIES_KEPT,ALL_SPECIES_EST_LBS_KEPT,ALL_SPECIES_EST_VALUE,ALL_SPECIES_AVG_LBS_PIECE,ALL_SPECIES_AVG_PRICE_LB,DEEP7_KEPT,DEEP7_EST_LBS_KEPT,DEEP7_EST_VALUE,DEEP7_AVG_LBS_PIECE,DEEP7_AVG_PRICE_LB,DEEP8_14_KEPT,DEEP8_14_EST_LBS_KEPT,DEEP8_14_EST_VALUE,DEEP8_14_AVG_LBS_PIECE,DEEP8_14_AVG_PRICE_LB,NON_DEEP14_KEPT,NON_DEEP14_EST_LBS_KEPT,NON_DEEP14_EST_VALUE,NON_DEEP14_AVG_LBS_PIECE,NON_DEEP14_AVG_PRICE_LB,ONAGA_KEPT,ONAGA_EST_LBS_KEPT,ONAGA_EST_VALUE,ONAGA_AVG_LBS_PIECE,ONAGA_AVG_PRICE_LB,EHU_KEPT,EHU_EST_LBS_KEPT,EHU_EST_VALUE,EHU_AVG_LBS_PIECE,EHU_AVG_PRICE_LB,OPAKAPAKA_KEPT,OPAKAPAKA_EST_LBS_KEPT,OPAKAPAKA_EST_VALUE,OPAKAPAKA_AVG_LBS_PIECE,OPAKAPAKA_AVG_PRICE_LB,KALEKALE_KEPT,KALEKALE_EST_LBS_KEPT,KALEKALE_EST_VALUE,KALEKALE_AVG_LBS_PIECE,KALEKALE_AVG_PRICE_LB,GINDAI_KEPT,GINDAI_EST_LBS_KEPT,GINDAI_EST_VALUE,GINDAI_AVG_LBS_PIECE,GINDAI_AVG_PRICE_LB,HAPUUPUU_KEPT,HAPUUPUU_EST_LBS_KEPT,HAPUUPUU_EST_VALUE,HAPUUPUU_AVG_LBS_PIECE,HAPUUPUU_AVG_PRICE_LB,LEHI_KEPT,LEHI_EST_LBS_KEPT,LEHI_EST_VALUE,LEHI_AVG_LBS_PIECE,LEHI_AVG_PRICE_LB,YELLOW_KALEKALE_KEPT,YELLOW_KALEKALE_EST_LBS_KEPT,YELLOW_KALEKALE_EST_VALUE,YELLOW_KALEKALE_AVG_LBS_PIECE,YELLOW_KALEKALE_AVG_PRICE_LB,UKU_KEPT,UKU_EST_LBS_KEPT,UKU_EST_VALUE,UKU_AVG_LBS_PIECE,UKU_AVG_PRICE_LB,TAAPE_KEPT,TAAPE_EST_LBS_KEPT,TAAPE_EST_VALUE,TAAPE_AVG_LBS_PIECE,TAAPE_AVG_PRICE_LB,WHITE_ULUA_KEPT,WHITE_ULUA_EST_LBS_KEPT,WHITE_ULUA_EST_VALUE,WHITE_ULUA_AVG_LBS_PIECE,WHITE_ULUA_AVG_PRICE_LB,BLACK_ULUA_KEPT,BLACK_ULUA_EST_LBS_KEPT,BLACK_ULUA_EST_VALUE,BLACK_ULUA_AVG_LBS_PIECE,BLACK_ULUA_AVG_PRICE_LB,BUTAGUCHI_KEPT,BUTAGUCHI_EST_LBS_KEPT,BUTAGUCHI_EST_VALUE,BUTAGUCHI_AVG_LBS_PIECE,BUTAGUCHI_AVG_PRICE_LB,KAHALA_KEPT,KAHALA_EST_LBS_KEPT,KAHALA_EST_VALUE,KAHALA_AVG_LBS_PIECE,KAHALA_AVG_PRICE_LB,TRIPS,FISHERS,DAYS_AT_SEA,FISHING_DAYS,HOURS_FISHED,VESSELS
2002,81494,344372.10480874963,1450982.8666305942,4.225735695986817,4.213415797532183,64237,234336.46635140956,1195880.3918992172,3.64799829306178,5.103262033941752,4402,29915.688647520426,75246.69176656524,6.79593108757847,2.5152919811793164,12855,80119.94980981966,179855.78296481183,6.232590416944354,2.244831448243972,14017,69489.61870965268,414943.1349628153,4.957524342559227,5.971296758679384,10398,18760.698246385193,88740.4530503181,1.8042602660497395,4.730125280247317,29111,111364.66938360147,567729.5497398721,3.825518511339407,5.097932341399028,7573,13432.592936977979,45167.93658466211,1.7737479119210324,3.362562745448895,1077,2256.518331303289,7999.95862362972,2.0951887941534717,3.5452664011859425,978,9060.947727272727,38756.70757575757,9.264772727272728,4.27733485969718,1083,9971.421016216216,32542.651362162163,9.207221621621622,3.2635921509320536,1,1.1818181818181819,2.8636363636363638,1.1818181818181819,2.423076923076923,2198,18221.37395894428,52103.852434017594,8.28997905320486,2.859490867780665,1444,902.624841498559,1283.1209221902016,0.625086455331412,1.4215439939143864,53,972.9684210526316,1858.4924210526317,18.357894736842105,1.910126146788991,24,280.32,658.08,11.68,2.3476027397260277,286,4218.219607843138,14115.782352941178,14.74901960784314,3.3463839404413718,396,5319,5224.5,13.431818181818182,0.9822335025380711,3061,390,3269,3202,29473.3,561
2003,77062,318652.13969273964,1425612.8220230523,4.135009987967346,4.4738843536330855,60151,230813.06515647977,1220919.7656100118,3.8372273969922324,5.289647554319721,3624,21677.776243319142,54013.985637638274,5.981726336456717,2.4916755773916064,13287,66161.29829294076,150679.07077540216,4.979400789714816,2.2774503321903405,13979,73635.3364888555,450512.88741798146,5.267568244427748,6.118161590613025,8349,15247.307399380805,74799.18704113225,1.8262435500515997,4.905730899356686,29712,112086.5753772492,585552.0680206965,3.7724345509305737,5.224105260151869,5328,9901.820620073568,31793.993063583817,1.8584498160798737,3.210923958683832,859,2053.202836734694,6697.1847346938775,2.3902244897959184,3.2618232426294176,1039,9860.242525510204,45539.356747448976,9.490127551020409,4.618482418625155,885,8028.579908675799,26025.088584474885,9.071841704718416,3.2415556524948825,0,0,0,NA,NA,1979,15149.104469507101,42553.12923976608,7.654928989139516,2.8089534483981686,1240,838.6184738955824,1212.685140562249,0.6763052208835342,1.4460510688836103,38,395.8936507936508,735.5955555555555,10.41825396825397,1.8580635331758968,16,217.6,451.03999999999996,13.6,2.072794117647059,170,2777.859649122807,7488.9473684210525,16.340350877192982,2.6959415933004083,181,2298.7,1572.5883333333331,12.7,0.6841207349081364,2873,347,3193,3090,74772.68,353
2004,79897,322975.81430339895,1522853.7828332086,4.0424022717173225,4.715070650468772,64180,228027.19170632947,1281712.0061268434,3.552932248462597,5.620873530633699,3548,26343.816662934114,74692.7656964015,7.424976511537237,2.83530540210199,12169,68604.80593413538,166449.01100996358,5.6376699756870225,2.42620044971433,15538,84320.69262281556,554988.7382884573,5.426740418510462,6.581880686998626,10889,20850.278058336964,105902.63579669133,1.9148019155420115,5.079195370938771,30818,99816.07901825821,527940.0498521953,3.2388889291407037,5.289128315244935,4456,7354.136843450479,27131.203067092647,1.6503897763578275,3.6892437065888193,865,1766.7791346153845,6821.772596153845,2.042519230769231,3.861134910696632,841,7058.305449358059,34135.31420827389,8.392753209700427,4.836191130178198,773,6860.9205794948,24792.292317979194,8.875705794947995,3.6135518595093195,0,0,0,NA,NA,2567,20623.989714385232,64995.75153256705,8.034277255311737,3.151463535071127,553,323.19506619593994,535.3654986760813,0.5844395410414828,1.6564779437304624,38,346.88188235294115,800.9505882352942,9.128470588235293,2.3090009279307147,12,159,374.4,13.25,2.3547169811320754,95,1706.9999999999998,5420.25,17.968421052631577,3.1753075571177507,283,3183.75,2566.0480769230767,11.25,0.8059829059829059,2770,359,3023,2974,76414.3,377
2005,68965,283745.10165701254,1485002.7991695486,4.114334831537918,5.233580387810892,56606,210338.43357594352,1290894.2463270954,3.7158328370834104,6.137224778090843,3543,19780.361864989,58007.50996560102,5.582941536830088,2.9325808274657303,8816,53626.30621608001,136101.04287685212,6.08283872686933,2.537952965256477,13743,77888.06779608557,562803.9490241238,5.667472007282658,7.225804477491593,11665,21766.7192783245,120175.49090335605,1.8659853646227604,5.521065869721024,24316,85692.42188854012,497001.8349879072,3.5241167086914014,5.799834151430053,4156,7287.514673366833,28731.296195262024,1.7534924623115575,3.942536994164042,975,1955.051204819277,8643.584767641996,2.0051807228915663,4.421155183217311,1047,9539.023776824035,52406.42416309012,9.110815450643777,5.493898053846612,704,6209.634957983193,21131.666285714287,8.820504201680672,3.403044853473572,0,0,0,NA,NA,1760,14076.30795847751,49112.18339100346,7.997902249134949,3.4889960873174464,1272,826.4992907801419,1115.450780141844,0.6497635933806147,1.3496088775695834,44,442.4882758620689,948.5287356321838,10.05655172413793,2.143624559959768,20,240,340,12,1.4166666666666667,91,1722.844117647059,5245.34705882353,18.93235294117647,3.0445859872611463,356,2472.222222222222,1246,6.944444444444445,0.504,2588,373,2827,2717,68559.3,383
2006,62446,258361.28389513353,1371558.3563320567,4.137355217229823,5.308683776663533,47838,190121.5242553742,1179439.7503266234,3.974278277841344,6.203609796134295,3337,18348.5131787019,60705.98488784893,5.498505597453372,3.308496132444868,11271,49891.24646105739,131412.62111758432,4.426514635884783,2.6339815185847972,12331,73120.77714227352,540361.2584710448,5.929833520580125,7.3899824316643405,8132,16940.384906374125,100265.19130697938,2.0831757140155096,5.9187079786630346,22135,79004.10431818181,452535.4860227273,3.569193779904306,5.72799970239751,2896,5589.786636568849,21230.32758465011,1.9301749435665914,3.7980568785505233,776,1374.4854460093895,6236.070798122066,1.7712441314553988,4.537022066132132,729,7019.32935483871,34881.52122580645,9.628709677419355,4.9693524071158155,839,7072.656451127819,23929.894917293237,8.429864661654134,3.3834380451884285,12,14.4,54,1.2,3.75,2033,15171.207149263293,55321.23802049967,7.462472773862909,3.646462504678545,1053,666.5295514511873,890.4379155672823,0.6329815303430079,1.335931638182576,36,509.2098113207548,1269.9033962264152,14.144716981132078,2.493870636413355,13,136.5,313.94999999999993,10.5,2.2999999999999994,22,410.6666666666667,1272.4555555555553,18.666666666666668,3.098511904761904,168,1440,1584,8.571428571428571,1.1,2399,331,2554,2530,53961.01,346
2007,32544,128840.05838420843,695906.5882206374,3.9589496799474073,5.40132158389283,24558,96618.6123835503,601649.6509540441,3.9343029718849376,6.227057459339763,1379,7347.202189970038,24641.833753582243,5.327920369811485,3.3539071222542107,6607,24874.243810688087,69615.10351301108,3.764831816359632,2.798682204887713,5537,35054.22747901234,257642.54347654321,6.330906172839505,7.349828023761154,4375,8512.242554967994,48374.33725299193,1.9456554411355413,5.682913396864995,11554,42105.72795768918,248331.45461147276,3.6442554922701387,5.8978069411604475,1506,2859.3186574531096,10850.72256663376,1.8986179664363279,3.794862995892476,692,1186.1605240174672,5454.924192139738,1.7141048034934496,4.59880773444068,454,3031.539075144509,16290.018612716764,6.677398843930637,5.373514313662687,440,3869.3961352657007,14705.650241545893,8.794082125603865,3.800502643686053,0,0,0,NA,NA,746,6207.381125748502,22265.52697005988,8.320886227544909,3.5869437559909847,563,342.00736559139784,501.00946236559145,0.6074731182795698,1.4649083989733607,58,598.313698630137,1351.8528767123287,10.315753424657533,2.2594382843104706,2,36.5,73,18.25,2,10,162.99999999999997,450.44444444444434,16.299999999999997,2.7634628493524196,0,0,0,NA,NA,1221,255,1267,1262,29183.35,253
2007 - 2008,61519,244093.1676604454,1330123.0691686547,3.967768781359343,5.449243343914363,49368,194724.66411615044,1193550.5055622144,3.944349864611701,6.1294264441523385,3420,19845.45939013832,55159.442755642536,5.802765903549216,2.7794490251534603,8731,29523.044154156658,81413.12085079795,3.381404667753597,2.757612677937058,9257,56300.651944242774,406435.60806156526,6.081954406853492,7.219021343910509,7944,16808.842728272826,92466.12083608362,2.1159167583425007,5.50104027569689,25689,95749.1228295129,575062.2372712853,3.7272421203438397,6.005926950320144,3167,5706.39266194883,21765.048029395755,1.8018290691344585,3.8141518326505452,1269,2441.91,10927.2,1.9242789598108745,4.474857795741858,609,6527.508191489361,41602.96685106383,10.718404255319147,6.373483667980111,1433,11190.23576068376,45291.32451282051,7.8089572649572645,4.047396809274469,0,0,0,NA,NA,1191,8573.137104194857,32633.005148849796,7.198267929634641,3.806425203777785,1236,817.8723325635103,1241.33792147806,0.6617090069284064,1.5177649029736144,64,621.2102564102564,1521.7558974358974,9.706410256410257,2.4496631884823667,5,53.83333333333333,184.58333333333337,10.766666666666666,3.4287925696594437,75,1531.5,5018.924999999999,20.42,3.2771302644466207,849,8247.906363636363,14559.835454545453,9.714848484848483,1.7652765214136437,2340,351,2397,2391,64063.4,349
2008 - 2009,86498,351055.44203308213,1696955.254820488,4.058538255602235,4.833866824547256,67054,255667.53705678147,1442850.9797140076,3.8128603372920553,5.643465714591537,4279,24793.710187957127,70842.67366900417,5.7942767440890695,2.8572840906809533,15165,70594.1947883435,183261.60143747609,4.655073840312793,2.595986851141706,11342,60752.7601203804,427160.1730107138,5.356441555314794,7.031123724490942,11015,24344.205904139435,138413.418097313,2.210095860566449,5.685682196508923,35258,133576.36662458224,727248.9864366878,3.788540660972892,5.444443540530104,4904,8752.422794835007,30867.1268866571,1.784751793400287,3.526695134617178,1545,3446.99587628866,15542.523024054984,2.23106529209622,4.5090054011870295,737,8828.518053691274,43160.51715883669,11.978993288590603,4.88876127299654,2253,15966.26768286445,60458.23509974425,7.086670076726343,3.7866229165523833,14,20.011764705882353,58.34705882352941,1.4294117647058824,2.9156378600823043,2204,16733.285845272207,58690.12724609997,7.592234957020057,3.5073880760055367,1355,835.2910229645095,1463.909185803758,0.6164509394572025,1.7525738282308319,139,1372.7354205607476,3149.830934579439,9.875794392523364,2.2945652071050713,1,12,15,12,1.25,29,624.1214285714286,2158.635714285714,21.521428571428572,3.4586790574178554,537,5196.264705882353,5306.823529411765,9.676470588235295,1.0212765957446808,3275,476,3361,3345,73898.28,471
2009 - 2010,82799,287845.8165165683,1493503.3474705282,3.4764407361993297,5.188553252378301,56942,205162.11039567224,1250102.5901527018,3.603001482133965,6.093242985957664,7110,25754.676624607982,77579.2618591865,3.622317387427283,3.0122397959002662,18747,56929.02949628808,165821.49545863984,3.0367007785932727,2.912775730165079,11176,58906.90433041302,424470.08770963707,5.2708396859711,7.2057782111372575,11480,23590.53603010348,135796.736406397,2.054924741298213,5.756407409865934,27196,99250.33116972992,589663.7624374242,3.6494459174043947,5.941176774806209,4430,7058.362196247309,24420.20126115041,1.5933097508458938,3.4597546260992105,1250,2349.5675675675675,10792.22972972973,1.879654054054054,4.593283410403295,730,8327.301039861351,41686.55511265165,11.407261698440207,5.006010340337801,680,5679.108061749571,23273.017495711832,8.351629502572898,4.098005750667488,17,21.08,49.8525,1.24,2.36491935483871,1680,14350.651185159739,56564.53232566129,8.542054276880798,3.9416003912181816,4660,3037.974814814815,5669.896790123457,0.651925925925926,1.8663409461046094,104,1594.7058064516127,3269.164516129032,15.333709677419353,2.050011044609705,13,74.17681818181818,165.76772727272726,5.70590909090909,2.234764598104039,32,924.8,3420.9599999999996,28.9,3.6991349480968854,604,5751.288,8439.088,9.521999999999998,1.4673387943709306,2792,460,2883,2843,68470.5,452
2010 - 2011,102209,357105.3272042017,1861788.9647901938,3.493873604126855,5.213556961936825,74871,266265.40464877785,1573009.1277559253,3.556322269620786,5.907673698093942,8962,38729.204162039154,117159.67128524194,4.3214912030840384,3.025098858088007,18376,52110.718393384705,171620.1657490266,2.8358031341632945,3.293375548067924,12686,67681.11666635312,471661.08864641143,5.335103000658452,6.968872735530563,11095,23865.038655462184,129887.34617180204,2.1509723889555823,5.442578495135757,42380,145891.35788435314,845271.3316911829,3.442457713174921,5.793841005724427,5458,8856.031611351611,32381.8887012987,1.6225781625781626,3.656478445694771,1339,2726.1816567342075,12463.105578069131,2.035983313468415,4.5716343029756645,759,7423.0199999999995,40462.927328244274,9.78,5.4510061037481075,1154,9822.658174523569,40881.43963891675,8.511835506519557,4.161952794504084,14,18.13,41.02,1.295,2.262548262548263,2585,19686.174268855822,77966.61074910211,7.615541303232426,3.96047549332365,4787,3003.8183232323236,5479.035797979797,0.6274949494949495,1.8240236953092297,224,2520.7419999999997,6100.402,11.253312499999998,2.420081864784258,11,107.25,177.10000000000002,9.75,1.6512820512820514,72,1594.429090909091,5156.923636363636,22.144848484848485,3.2343386518514463,1269,11798.660479041917,22238.57910179641,9.297604790419163,1.8848393121659048,3431,471,3501,3487,82575.5,456
2011 - 2012,102622,379111.42397264444,1956122.5681651272,3.694250979055606,5.159756326167251,68011,230801.6791350092,1463464.0485099799,3.393593376586276,6.340785968259422,11423,42974.87073263446,139640.1281858535,3.7621352300301547,3.249343763117196,23188,105334.8741050008,353018.391469294,4.542645942082146,3.35139140259849,12069,57669.32132464296,466014.86114923796,4.7783015431802935,8.080810566953957,12419,26181.440370044056,152354.84220484583,2.1081762114537446,5.8191925291919855,33105,112836.26658478,688960.6285620701,3.4084357826545837,6.105843887030919,6602,11912.28125502816,49037.31104183428,1.804344328238134,4.116534019975031,1756,3800.1784029038113,17905.351978221413,2.1641107078039927,4.711713524959641,1140,10431.943207354443,52889.1646578141,9.150827374872318,5.069924519961691,920,7970.247990255785,36301.88891595615,8.663313032886723,4.55467495620436,18,20.520000000000003,76.68,1.1400000000000001,3.7368421052631575,2428,20601.874380600948,92856.31296784396,8.485121244069584,4.50717790296202,7930,4809.447699386504,9138.38240030675,0.6064877300613498,1.9000897756872266,155,1720.2862068965517,5071.760344827586,11.098620689655172,2.948207295097247,15,83.03571428571428,266.8392857142857,5.535714285714286,3.2135483870967745,47,1070.139642857143,4585.2696428571435,22.76892857142857,4.284739541668627,830,14669.567088607595,27644.883544303797,17.674177215189875,1.8845057510778795,3080,479,3909,3400,77668.45,471
2012 - 2013,104243,406752.72628511797,2226560.3468629867,3.901966811057989,5.473989977149541,68441,240676.97439618118,1649167.6004998838,3.5165613359854646,6.852203475788962,8590,45199.71525592633,157144.09005580304,5.261899331306907,3.4766610622662983,27212,120876.03663301044,420248.65630729974,4.442012223761959,3.4766912285783254,13965,69294.44812173481,568371.4931254665,4.962008458412804,8.202265961148363,14437,30758.397437274136,194025.0366742385,2.130525554981931,6.3080346454952805,29196,102160.8295261333,696322.925301143,3.4991378793716024,6.815948231146848,6783,12191.301792325057,51746.41988261852,1.797331828442438,4.244536044148713,1551,3354.71956626506,17529.66361445783,2.1629397590361443,5.22537376618168,872,10236.597462887989,58888.50180836707,11.739217273954115,5.75274177009137,1637,12680.680489560835,62283.56009359251,7.746292296616271,4.9116890962489315,29,42.67142857142857,171.09999999999997,1.4714285714285713,4.009708737864077,3773,27860.10766473199,121111.76709798566,7.384073062478661,4.347139234185395,3586,2033.549250645995,4445.48173126615,0.5670801033591731,2.1860703545065157,220,2720.754545454545,7652.854545454545,12.367066115702478,2.812769185018862,34,169.04696969696968,442.83969696969694,4.971969696969697,2.619625171415511,58,836.36,3811.9533333333334,14.42,4.557790106333796,890,11537.225396825395,19508.093650793653,12.963174603174602,1.6908825978351378,2979,459,3697,3314,81976.71,452
2013 - 2014,122335,468923.95565303275,2581447.3340783934,3.833113627768282,5.505044694258409,90296,306257.09303185437,2037227.1086266914,3.3917016593409937,6.6520160838031455,5955,34745.74313895837,133158.64039282253,5.8347175716134965,3.8323727847835127,26084,127921.11948222002,411061.58505887963,4.90419872267367,3.213398903345384,15209,73397.1860710238,583142.6046460144,4.825904797884397,7.945026721892695,13847,31691.388753864892,182346.32061650895,2.288682657172304,5.753812874302364,47168,159217.51143020813,1086058.1285774298,3.375540863089555,6.8212228593554904,10460,19722.016066411237,77361.03785440614,1.8854699872286078,3.9225724993785245,1686,3958.0907009760426,18504.126761313222,2.3476220053238688,4.675013323153562,820,11234.38250728863,59655.31078717201,13.700466472303207,5.310065840153556,1106,7036.517502081599,30159.579383846794,6.362131557035804,4.286151405851651,3,4.96875,16.96875,1.65625,3.4150943396226414,2969,22965.58658488228,101125.05240644362,7.735125154894671,4.403329827116714,2217,1496.691292682927,2797.9621463414637,0.6750975609756098,1.869431699122078,151,2143.4206451612904,6552.62064516129,14.19483870967742,3.057085719480047,8,57.64137931034483,138.16827586206898,7.205172413793104,2.397032782962431,19,527.9285714285714,1341.3999999999999,27.78571428571429,2.540874035989717,588,7549.505915492957,21186.468169014082,12.839295774647885,2.8063383758049123,3174,423,3853,3440,84004.5,422
2014 - 2015,122813,480389.2003385928,2646760.812393385,3.9115500829602143,5.509617640296385,90790,306603.9207505189,2078676.2696227806,3.3770670861385494,6.779679348308734,7769,49026.07102814524,181403.7909248124,6.31047380977542,3.7001494739537826,24254,124759.20855992865,386680.75184579176,5.143861159393446,3.0994165185013007,15389,79166.43688736222,657202.3598188132,5.144352257285218,8.301527587427977,14349,32125.03377952054,191492.21954282152,2.238834328491222,5.9608410331041055,47287,152508.4938755981,1028692.125465817,3.2251674641148327,6.745146446105003,10236,17993.211245714287,68933.61735619047,1.7578361904761906,3.8310903159439884,1240,2928.041176470588,14086.73665158371,2.3613235294117647,4.810976281612141,735,10390.530991735537,60042.866776859504,14.136776859504133,5.778613896115284,1554,11492.172794117647,58226.34401069519,7.395220588235294,5.066608817481301,20,31.6,81.9,1.58,2.5917721518987342,4203,32612.36319676036,148938.98842782277,7.759306018739082,4.5669486608262115,2423,1493.0457746478874,2995.95728553137,0.6161971830985916,2.006607792207792,107,1116.7872641509434,3341.175943396226,10.437264150943397,2.9917747548244225,9,32.89090909090909,68.37954545454545,3.6545454545454543,2.0789800995024876,15,430.5,1577.4642857142856,28.7,3.664260826281732,992,13308.883883495144,24399.925436893205,13.416213592233008,1.8333562491406576,2887,410,3458,3116,73098.2,410
2015 - 2016,99794,381911.43614079704,2388664.6943292166,3.826997977241087,6.254498997114613,74536,265493.14160938107,1906466.5036977974,3.561945121946188,7.180850292934397,7069,47247.98094382891,217449.83344889892,6.6838281148435295,4.6023095401138026,18189,69170.31358758705,264748.3571825203,3.802865115596627,3.8274852816343268,10067,63707.111419275214,541713.074663974,6.32831145517783,8.503180611953995,12984,32036.959970057076,210134.51635070646,2.467418358753626,6.5591278494309675,41568,136089.88653258246,993114.8659694288,3.27390989541432,7.297492056705173,7226,13010.189515463917,49511.111766323025,1.8004690721649483,3.8055642239088137,764,1794.5577952755907,9519.861102362205,2.3488976377952757,5.304850658710737,771,10864.461517571886,62079.20803514377,14.091389776357829,5.713970078934748,1156,7989.97485915493,40393.865809859155,6.911742957746479,5.05556857460894,0,0,0,NA,NA,4372,35253.47094261589,192681.33294502844,8.063465448905738,5.465598926660781,1954,1385.6272345679013,2825.50812345679,0.7091234567901235,2.039154581381988,85,999.7774725274725,3335.2225274725274,11.762087912087912,3.3359648713037795,3,4.125,14.4375,1.375,3.5,11,335.5,805.2,30.5,2.4000000000000004,644,9269.480294117646,17788.132352941175,14.393602941176468,1.9189999642406503,2347,371,2814,2558,59288.75,376
2016 - 2017,88067,372449.1953558564,2324498.0060827183,4.229157293377274,6.241114318589889,66486,240310.9334818193,1779156.0568602453,3.6144591866230376,7.403558510977393,7014,43605.05195711212,192892.4402491091,6.216859417894514,4.423625969734632,14567,88533.20991692499,352449.5089733636,6.077655654350586,3.9809864490859885,7704,46927.18598271536,435079.60921103985,6.091275439085587,9.271376497437801,10520,24705.627146282975,178444.8440767386,2.348443645083933,7.222842108810263,39304,138101.5903662034,1011614.2726273991,3.513677752040591,7.325145712984955,6178,11037.79471226705,47722.32348146631,1.786629121441737,4.323537873777382,906,2188.580869565217,11365.179130434783,2.415652173913043,5.192944564434845,605,8263.231622176592,49845.20462012321,13.6582340862423,6.032168393579852,1269,9086.922782608695,45084.62371304348,7.160695652173913,4.961484189051344,4,4.9,12.95,1.225,2.6428571428571423,4232,31631.941288925893,168677.11794837637,7.474466278101581,5.332493393550555,2013,1383.484299138606,2635.4221221613157,0.6872748629600626,1.9049165384834503,82,773.7383333333332,2361.85625,9.435833333333331,3.052525832376579,0,0,0,NA,NA,21,73.5,294,3.5,4,662,9737.488035714287,18911.09392857143,14.70919642857143,1.9420916214952988,2351,340,2880,2541,58930.5,348
2017 - 2018,77957,371868.2694053196,2368784.179998168,4.770171625451462,6.36995510207487,59399,237853.036361924,1851982.423798102,4.004327284330106,7.786246718246945,5340,27332.102134891422,113793.87026042117,5.118371186309255,4.163377909932328,13218,106683.13090850416,403007.8859396447,8.071049395408092,3.7776158471134567,10336,66709.43835268346,617362.4082015334,6.454086527929901,9.254498665355639,9693,22223.4938252149,152557.1549226361,2.292736389684814,6.8646791599232655,29669,115542.20636113589,913791.8454211269,3.894374814154029,7.908727677962125,6596,12043.360118946473,54357.97504672898,1.825858113848768,4.513522348402889,1200,2528.9254901960785,11019.890196078431,2.107437908496732,4.357538503526259,744,10539.962021439509,59097.07075038285,14.166615620214394,5.606952912180569,1161,8265.650192307692,43796.079259615384,7.119423076923077,5.2985643283541775,12,41.65714285714286,152.4,3.4714285714285715,3.6584362139917697,2196,15929.284708249497,85002.77830985916,7.253772635814889,5.336258335933798,2215,1391.7094370860927,2625.5634519867554,0.6283112582781457,1.8865744400527011,137,1476.61450867052,4897.108554913295,10.778208092485547,3.3164434767219237,7,87.5,175,12.5,2,21,487.2,1801.2959999999998,23.2,3.6972413793103445,752,7918.136338028169,19139.72394366197,10.52943661971831,2.4172006046094783,2167,340,2654,2355,55554.6,345
2018 - 2019,66922,322666.6860264855,2029719.8894377158,4.821533815882453,6.29045382537914,47798,182769.12736444303,1488047.2432164606,3.823781902264593,8.141677233317873,3784,22881.342347208694,100775.96612962501,6.046866370826822,4.404285579072187,15340,117016.21631483377,440896.6800916302,7.628175770197768,3.767825468782818,10424,60720.60827513452,601465.998666526,5.825077539824877,9.905467282890022,11819,25267.93373255686,179598.84099219867,2.1379079222063506,7.107777109641212,16424,69428.773498452,561925.4304670312,4.227275541795665,8.093552602935727,5880,10464.627206946454,51668.025180897246,1.7796985045827303,4.937397592778063,1713,3276.8243864229767,16427.863812010444,1.9129155787641428,5.013348863026288,495,6631.810096153846,41909.78185096154,13.397596153846154,6.319508737933758,1043,6978.550168776372,35051.30224683544,6.690843881856541,5.022719819893676,12,18.900000000000002,56.7,1.5750000000000002,3,1789,13890.649620449265,83004.72216886134,7.764477149496515,5.975582455601289,1271,770.6670776255709,1823.1711506849315,0.6063470319634704,2.365705248889223,76,681.3669291338582,2202.71937007874,8.96535433070866,3.232794660108906,0,0,0,NA,NA,0,0,0,NA,NA,636,7519.758720000001,13688.653440000002,11.82352,1.8203580659566696,2021,318,2432,2159,48156.58,320
2019 - 2020,77829,322058.6517610932,1959174.4357079768,4.138028906462799,6.083284597369907,45957,163669.62963110936,1180084.4304312554,3.5613645283876094,7.210161305374836,5683,29259.516523003873,110623.40429882027,5.148603998417011,3.780766651145722,26189,129129.50560697996,668466.6009779011,4.930677215891404,5.176714631065449,6652,43163.72762567403,394476.4550565316,6.488834579926944,9.139072938220812,12844,24591.837646152362,155265.28096696522,1.9146556871809688,6.313691689130764,15597,65164.38697644355,476127.16810686584,4.178007756391842,7.306554856090066,6230,11149.434320349763,48923.32829888712,1.7896363275039748,4.387965065599165,2887,4875.981706817017,25687.463536647872,1.6889441312147617,5.268162409373834,417,5995.913928571428,36073.78883928571,14.378690476190476,6.016395376756278,1330,8728.3474271012,43530.94562607204,6.562667238421955,4.987306702630792,9,21.6,124.19999999999999,2.4000000000000004,5.749999999999999,2113,16990.794118347894,81115.1077720413,8.041076250992852,4.774062189621103,2816,1745.62004565052,3012.1772863302053,0.6198934821202131,1.7255629561745163,122,1454.5041237113403,4937.503505154639,11.92216494845361,3.3946301180336373,0,0,0,NA,NA,4,176,968,44,5.5,619,8870.998235294117,20466.415735294115,14.331176470588234,2.307115297787629,1841,333,2208,1964,45300.25,334
2020 - 2021,78111,328569.03807357367,1797601.9116268288,4.206437480938327,5.4710021436174,51959,166600.70147337683,1198466.966843113,3.206387757142686,7.193648983732706,5290,26753.076995028976,94444.65179983136,5.057292437623625,3.5302351134181778,20862,135215.25960516784,504690.29298388446,6.481414035335435,3.7324950930656313,9270,52714.67827267789,446578.3476371537,5.6865888104291145,8.471612884121804,16542,27731.066143476168,189627.94668271544,1.6764034665382763,6.838105167021358,15257,56989.165781853284,417543.8268359073,3.735279922779923,7.326722914916983,6198,11455.192291325697,50271.409934533556,1.8482078559738135,4.38852606364373,3007,5212.18664893617,28657.573712765956,1.733351063829787,5.49818639334704,335,3838.627852348993,25919.21979865772,11.458590604026845,6.752209590413101,1350,8659.784482758621,39868.64224137931,6.414655172413793,4.603883886574385,0,0,0,NA,NA,1692,13803.315976331362,69520.37538461538,8.157988165680473,5.036498150431566,2592,1740.776170212766,2999.857021276596,0.671595744680851,1.723287044370523,87,1045.318181818182,3406.586060606061,12.015151515151517,3.2588986969314835,35,315,1557.5,9,4.944444444444445,0,0,0,NA,NA,884,9848.666666666666,16960.333333333332,11.14102564102564,1.7220943613348676,2087,320,2440,2216,50778.07,324
